strategy_category,count,median_sharpe,mean_sharpe,std_sharpe,median_cagr,avg_max_dd,avg_trades,avg_win_rate,pct_positive_sharpe
Combo,908,0.0,0.0025368177853768055,0.06699654753685755,0.0,0.0019406089128097075,0.512114537444934,0.06728614189675823,7.709251101321586
Single,13320,0.12900169764635133,0.13984274086329998,0.17475025825366494,0.0009010787652294905,0.05395375426981702,43.84234234234234,0.35160192662105094,73.56606606606607
