voting_method,count,median_sharpe,mean_sharpe,std_sharpe,median_cagr,avg_max_dd,avg_trades
Majority,242,0.0,0.015575795990995626,0.06081201909205901,0.0,0.006190845828389934,1.2644628099173554
UnanimousEntry,666,0.0,-0.0022010691902384417,0.06853753926301541,0.0,0.0003962285320733485,0.23873873873873874
