param,all_median,all_min,all_max,top25_median,top25_min,top25_max,corr_with_sharpe
period,,,,,,,0.0
entry_pct,,,,,,,0.0
exit_pct,,,,,,,0.0
atr_period,5.0,5.0,5.0,5.0,5.0,5.0,NaN
multiplier,3.4000000000000004,3.4000000000000004,3.4000000000000004,3.4000000000000004,3.4000000000000004,3.4000000000000004,1.224591092928718e-16
