strategy_type,count,median_cagr,mean_cagr,median_sharpe,mean_sharpe,std_sharpe,median_sortino,avg_max_dd,median_calmar,avg_trades,avg_win_rate
ParabolicSar,219,0.0028663522983465306,0.003968174598350015,0.27568042735391257,0.27105532669663784,0.12360578381400779,0.38875941644494283,0.06415553670336752,0.07048864693380938,0.1598173515981735,0.12404870624048707
Supertrend,2628,0.0028374308665943815,0.0039426158845225125,0.27528842189395175,0.2692685190294134,0.1230640596278812,0.38473181513607724,0.06422868394686004,0.07008503567279276,4.44482496194825,0.16501982182636496
LarryWilliams,219,0.00264968694078771,0.0037654536234378016,0.27486588825934943,0.26969471186112276,0.1255305219701417,0.381962559061236,0.062389623111306386,0.07000034407851063,17.22374429223744,0.6336320265109868
FiftyTwoWeekHigh,1095,0.0026258084951562566,0.0036437885009865108,0.2526528315389195,0.24706457191528414,0.13328964846570135,0.35091113641845684,0.06265948413741035,0.05988262328860462,5.3004566210045665,0.5391655709994055
STARC,219,0.0019066470154105453,0.0028613054891357377,0.21523212032271777,0.21194306894519563,0.13793405265897582,0.29575700983209646,0.058358268316606926,0.05199407928594397,10.538812785388128,0.5984988341133948
